
	<!DOCTYPE project [
		<!ELEMENT project (objectids-table | current-scenario | duration | aggregation-period | truncated-mean | percentile)* >
	
		<!ELEMENT objectids-table (objectids-entry)* >
		<!ELEMENT objectids-entry (#PCDATA)>
		<!ELEMENT duration (#PCDATA)>
		<!ELEMENT truncated-mean (#PCDATA)>
		<!ELEMENT percentile (#PCDATA)>
		<!ELEMENT aggregation-period (#PCDATA)>
		<!ELEMENT current-scenario (#PCDATA)>
		<!ATTLIST duration
		    value CDATA #REQUIRED>
	    <!ATTLIST aggregation-period
		    value CDATA #REQUIRED>
		<!ATTLIST objectids-entry
		    objectid CDATA #REQUIRED
		    type CDATA #REQUIRED
		    value CDATA #REQUIRED
		    key CDATA #REQUIRED>
		<!ATTLIST truncated-mean
		    centered-interval CDATA #REQUIRED
		    percentage CDATA #REQUIRED>
		 <!ATTLIST percentile
		    percentage CDATA #REQUIRED>
	]>


<!--****** RUNTIME PROJECT ******--><project>
<!--****** CURRENT SCENARIO ******-->
<current-scenario>scenario1</current-scenario>
<!--****** OBJECTIDS ******-->
<objectids-table>
<objectids-entry key="" objectid="0" type="LG_HOST" value="localhost:7100"/>
<objectids-entry key="" objectid="1" type="ZONE" value="Zone par défaut"/>
<objectids-entry key="Zone par défaut¤Petstore¤" objectid="2" type="POPULATION" value="Petstore"/>
<objectids-entry key="Zone par défaut¤Petstore¤6_Buyer_authentification" objectid="43" type="VIRTUAL_USER" value="6_Buyer_authentification"/>
<objectids-entry key="Zone par défaut¤Petstore¤6_Buyer_authentification" objectid="44" type="BASIC_LOGICAL_CONTAINER" value="$parent=6_Buyer_authentification;$index=0"/>
<objectids-entry key="Zone par défaut¤Petstore¤6_Buyer_authentification" objectid="45" type="BASIC_LOGICAL_CONTAINER" value="$parent=6_Buyer_authentification;$index=1"/>
<objectids-entry key="Zone par défaut¤Petstore¤6_Buyer_authentification" objectid="46" type="BASIC_LOGICAL_CONTAINER" value="2e894838-310c-4d09-ab45-b0ea04ce6e9c"/>
<objectids-entry key="Zone par défaut¤Petstore¤6_Buyer_authentification" objectid="47" type="HTTP_PAGE" value="79efb4a3-2114-44a4-9490-084f8af34213"/>
<objectids-entry key="Zone par défaut¤Petstore¤6_Buyer_authentification" objectid="48" type="ACTION" value="8875c1f5-ef92-4c18-9acc-95051c052ee6"/>
<objectids-entry key="Zone par défaut¤Petstore¤6_Buyer_authentification" objectid="49" type="HTTP_PAGE" value="d32581a2-4481-434a-aaa9-4d43d446e142"/>
<objectids-entry key="Zone par défaut¤Petstore¤6_Buyer_authentification" objectid="50" type="ACTION" value="a3004d66-3efc-454d-a416-d8e217ff3feb"/>
<objectids-entry key="Zone par défaut¤Petstore¤6_Buyer_authentification" objectid="51" type="HTTP_PAGE" value="43929a1a-c8d5-4968-93f9-89e7687ad0bc"/>
<objectids-entry key="Zone par défaut¤Petstore¤6_Buyer_authentification" objectid="52" type="ACTION" value="858900b1-fd8e-4b1c-a7e8-8956b1fe27f1"/>
<objectids-entry key="Zone par défaut¤Petstore¤6_Buyer_authentification" objectid="53" type="ACTION" value="56192102-afd0-404c-bb34-8c887d097a8f"/>
<objectids-entry key="Zone par défaut¤Petstore¤6_Buyer_authentification" objectid="54" type="ACTION" value="053efdbf-97f6-4626-b2a9-8bb828ac1075"/>
<objectids-entry key="Zone par défaut¤Petstore¤6_Buyer_authentification" objectid="55" type="ACTION" value="6b7aee24-1bc9-49af-b441-8774a8e653e9"/>
<objectids-entry key="Zone par défaut¤Petstore¤6_Buyer_authentification" objectid="56" type="BASIC_LOGICAL_CONTAINER" value="66915e85-8b41-4d7c-a122-4bb1239f4439"/>
<objectids-entry key="Zone par défaut¤Petstore¤6_Buyer_authentification" objectid="57" type="HTTP_PAGE" value="f2fdbc6f-6827-4b12-b1f1-f4ab604d31f9"/>
<objectids-entry key="Zone par défaut¤Petstore¤6_Buyer_authentification" objectid="58" type="ACTION" value="773ba737-f161-4de1-a5e9-bc9df9489cb7"/>
<objectids-entry key="Zone par défaut¤Petstore¤6_Buyer_authentification" objectid="59" type="BASIC_LOGICAL_CONTAINER" value="e66a574c-ee22-495a-b10e-a3c2209f4134"/>
<objectids-entry key="Zone par défaut¤Petstore¤6_Buyer_authentification" objectid="60" type="HTTP_PAGE" value="cb60b58f-1627-4f32-9f96-8be15022b4c8"/>
<objectids-entry key="Zone par défaut¤Petstore¤6_Buyer_authentification" objectid="61" type="ACTION" value="7a85657e-75ca-4490-a41b-348db2a7a573"/>
<objectids-entry key="Zone par défaut¤Petstore¤6_Buyer_authentification" objectid="62" type="BASIC_LOGICAL_CONTAINER" value="fd738b1f-f896-4254-bbe6-fbc8b0341233"/>
<objectids-entry key="Zone par défaut¤Petstore¤6_Buyer_authentification" objectid="63" type="HTTP_PAGE" value="938ea5be-423c-4bb0-a35f-5a208b23b040"/>
<objectids-entry key="Zone par défaut¤Petstore¤6_Buyer_authentification" objectid="64" type="ACTION" value="1b0decb4-3b79-4d30-8e02-99eaca8ed576"/>
<objectids-entry key="Zone par défaut¤Petstore¤6_Buyer_authentification" objectid="65" type="ACTION" value="e6e83f0f-3b03-4953-a733-fdd2697db6e2"/>
<objectids-entry key="Zone par défaut¤Petstore¤6_Buyer_authentification" objectid="66" type="BASIC_LOGICAL_CONTAINER" value="11d27885-5415-445d-8cb6-da30c248920a"/>
<objectids-entry key="Zone par défaut¤Petstore¤6_Buyer_authentification" objectid="67" type="HTTP_PAGE" value="70986a6a-80b2-4681-b879-5d3ec0b176d4"/>
<objectids-entry key="Zone par défaut¤Petstore¤6_Buyer_authentification" objectid="68" type="ACTION" value="e4acf675-9439-4db6-b977-3514cacf0abb"/>
<objectids-entry key="Zone par défaut¤Petstore¤6_Buyer_authentification" objectid="69" type="BASIC_LOGICAL_CONTAINER" value="82429eb5-ecf1-4307-bbf3-817e049e38a1"/>
<objectids-entry key="Zone par défaut¤Petstore¤6_Buyer_authentification" objectid="70" type="HTTP_PAGE" value="4bdcf1ac-49da-4790-8177-45aafed21bb4"/>
<objectids-entry key="Zone par défaut¤Petstore¤6_Buyer_authentification" objectid="71" type="ACTION" value="af8edc91-2ff0-4737-99d5-7a5888f61629"/>
<objectids-entry key="Zone par défaut¤Petstore¤6_Buyer_authentification" objectid="72" type="HTTP_PAGE" value="3a61116f-e505-4537-bce2-f70ded465273"/>
<objectids-entry key="Zone par défaut¤Petstore¤6_Buyer_authentification" objectid="73" type="ACTION" value="81584e14-23be-4340-a606-75bcd8a57ebf"/>
<objectids-entry key="Zone par défaut¤Petstore¤6_Buyer_authentification" objectid="74" type="BASIC_LOGICAL_CONTAINER" value="e37485d5-d23c-48f8-88af-b87d975802ce"/>
<objectids-entry key="Zone par défaut¤Petstore¤6_Buyer_authentification" objectid="75" type="HTTP_PAGE" value="0b38decb-1c46-4091-b507-6483a2c18c78"/>
<objectids-entry key="Zone par défaut¤Petstore¤6_Buyer_authentification" objectid="76" type="ACTION" value="75fe78e5-5b2a-4600-812c-e13f07dafa84"/>
<objectids-entry key="Zone par défaut¤Petstore¤6_Buyer_authentification" objectid="77" type="HTTP_PAGE" value="a3012d46-cf18-491f-94b9-ccb92b5beb58"/>
<objectids-entry key="Zone par défaut¤Petstore¤6_Buyer_authentification" objectid="78" type="ACTION" value="c1f2faef-af55-4f19-bef2-2fe13e0feac1"/>
<objectids-entry key="Zone par défaut¤Petstore¤6_Buyer_authentification" objectid="79" type="BASIC_LOGICAL_CONTAINER" value="2cb12e1b-21df-4bfd-b11a-8272527a7682"/>
<objectids-entry key="Zone par défaut¤Petstore¤6_Buyer_authentification" objectid="80" type="HTTP_PAGE" value="9c9db44f-7007-49ba-8b79-eb6436124102"/>
<objectids-entry key="Zone par défaut¤Petstore¤6_Buyer_authentification" objectid="81" type="ACTION" value="7473f490-0d9f-4072-bd55-78c6ddb213af"/>
<objectids-entry key="Zone par défaut¤Petstore¤6_Buyer_authentification" objectid="82" type="BASIC_LOGICAL_CONTAINER" value="$parent=6_Buyer_authentification;$index=2"/>
<objectids-entry key="Zone par défaut¤Petstore¤2_Searcher_TryCatch" objectid="111" type="VIRTUAL_USER" value="2_Searcher_TryCatch"/>
<objectids-entry key="Zone par défaut¤Petstore¤2_Searcher_TryCatch" objectid="112" type="BASIC_LOGICAL_CONTAINER" value="$parent=2_Searcher_TryCatch;$index=0"/>
<objectids-entry key="Zone par défaut¤Petstore¤2_Searcher_TryCatch" objectid="113" type="BASIC_LOGICAL_CONTAINER" value="$parent=2_Searcher_TryCatch;$index=1"/>
<objectids-entry key="Zone par défaut¤Petstore¤2_Searcher_TryCatch" objectid="114" type="BASIC_LOGICAL_CONTAINER" value="8c783c9d-7d23-4f49-a6cb-bad018273f5a"/>
<objectids-entry key="Zone par défaut¤Petstore¤2_Searcher_TryCatch" objectid="115" type="HTTP_PAGE" value="64242f19-b240-47c8-9bbf-6e9ef5b1cd0e"/>
<objectids-entry key="Zone par défaut¤Petstore¤2_Searcher_TryCatch" objectid="116" type="ACTION" value="275f7422-3718-46eb-9f83-12482f2eeb92"/>
<objectids-entry key="Zone par défaut¤Petstore¤2_Searcher_TryCatch" objectid="117" type="LOOP" value="8a944859-166e-4829-b7df-2c22784aa851"/>
<objectids-entry key="Zone par défaut¤Petstore¤2_Searcher_TryCatch" objectid="118" type="BASIC_LOGICAL_CONTAINER" value="0321084b-45cf-4dfb-b9ca-d949a938c7d7"/>
<objectids-entry key="Zone par défaut¤Petstore¤2_Searcher_TryCatch" objectid="119" type="HTTP_PAGE" value="308bb2df-f19e-4a3f-bb59-6537d3de340e"/>
<objectids-entry key="Zone par défaut¤Petstore¤2_Searcher_TryCatch" objectid="120" type="ACTION" value="23604491-036d-48a3-a81d-d4bd9694d8e1"/>
<objectids-entry key="Zone par défaut¤Petstore¤2_Searcher_TryCatch" objectid="121" type="ACTION" value="24b4718c-6957-4df3-a707-56d14076d299"/>
<objectids-entry key="Zone par défaut¤Petstore¤2_Searcher_TryCatch" objectid="122" type="TRY" value="8c53e371-ab6f-4fcb-a153-776dacc47d5c"/>
<objectids-entry key="Zone par défaut¤Petstore¤2_Searcher_TryCatch" objectid="123" type="BASIC_LOGICAL_CONTAINER" value="$parent=8c53e371-ab6f-4fcb-a153-776dacc47d5c;$index=0"/>
<objectids-entry key="Zone par défaut¤Petstore¤2_Searcher_TryCatch" objectid="124" type="BASIC_LOGICAL_CONTAINER" value="89238c26-00fd-493e-91d2-559d97d5d1de"/>
<objectids-entry key="Zone par défaut¤Petstore¤2_Searcher_TryCatch" objectid="125" type="HTTP_PAGE" value="0c93f70a-90b9-4670-bcdf-d4c713bd508c"/>
<objectids-entry key="Zone par défaut¤Petstore¤2_Searcher_TryCatch" objectid="126" type="ACTION" value="4e3a4177-ca82-4c71-806f-cbc88018964e"/>
<objectids-entry key="Zone par défaut¤Petstore¤2_Searcher_TryCatch" objectid="127" type="ACTION" value="3ff9549b-49cb-43dc-9c71-421802530c22"/>
<objectids-entry key="Zone par défaut¤Petstore¤2_Searcher_TryCatch" objectid="128" type="BASIC_LOGICAL_CONTAINER" value="$parent=8c53e371-ab6f-4fcb-a153-776dacc47d5c;$index=1"/>
<objectids-entry key="Zone par défaut¤Petstore¤2_Searcher_TryCatch" objectid="129" type="STOP_VU" value="510bd262-df7b-414f-8140-54307cb8a35c"/>
<objectids-entry key="Zone par défaut¤Petstore¤2_Searcher_TryCatch" objectid="130" type="BASIC_LOGICAL_CONTAINER" value="7087cad1-0aef-4385-9dfa-eda5a2e21d3a"/>
<objectids-entry key="Zone par défaut¤Petstore¤2_Searcher_TryCatch" objectid="131" type="HTTP_PAGE" value="3d8a7f76-d6e8-4dfd-8b92-62595c6e4d87"/>
<objectids-entry key="Zone par défaut¤Petstore¤2_Searcher_TryCatch" objectid="132" type="ACTION" value="8a250763-4d39-44d1-8599-c79c761cd3b1"/>
<objectids-entry key="Zone par défaut¤Petstore¤2_Searcher_TryCatch" objectid="133" type="IF" value="6db46724-7d52-479d-84b7-e51ed8471c90"/>
<objectids-entry key="Zone par défaut¤Petstore¤2_Searcher_TryCatch" objectid="134" type="BASIC_LOGICAL_CONTAINER" value="$parent=6db46724-7d52-479d-84b7-e51ed8471c90;$index=0"/>
<objectids-entry key="Zone par défaut¤Petstore¤2_Searcher_TryCatch" objectid="135" type="STOP_VU" value="59e03ea5-a32a-4435-9e61-d0b0faf18f0d"/>
<objectids-entry key="Zone par défaut¤Petstore¤2_Searcher_TryCatch" objectid="136" type="BASIC_LOGICAL_CONTAINER" value="$parent=6db46724-7d52-479d-84b7-e51ed8471c90;$index=1"/>
<objectids-entry key="Zone par défaut¤Petstore¤2_Searcher_TryCatch" objectid="137" type="JS_ACTION" value="6579026d-1da8-46af-bae8-3984f49720d9"/>
<objectids-entry key="Zone par défaut¤Petstore¤2_Searcher_TryCatch" objectid="138" type="BASIC_LOGICAL_CONTAINER" value="$parent=2_Searcher_TryCatch;$index=2"/>
<objectids-entry key="¤¤" objectid="139" type="MONITORED_HOST" value="3.8.187.97"/>
<objectids-entry key="¤¤" objectid="140" type="MONITORCONNECTION" value="3.8.187.97$mysql"/>
<objectids-entry key="¤¤" objectid="141" type="MONITOR" value="3.8.187.97$mysql$Connections/ threads connected"/>
<objectids-entry key="¤¤" objectid="142" type="MONITOR" value="3.8.187.97$mysql$Connections/ aborted clients"/>
<objectids-entry key="¤¤" objectid="143" type="THRESHOLD" value="3.8.187.97$mysql$b0cc945f-ba88-43cd-99fc-a48ea0779b36"/>
<objectids-entry key="¤¤" objectid="144" type="MONITOR" value="3.8.187.97$mysql$Connections/ aborted connects"/>
<objectids-entry key="¤¤" objectid="145" type="THRESHOLD" value="3.8.187.97$mysql$e276c7f6-0797-4ee8-93e3-ca31eaa78da5"/>
<objectids-entry key="¤¤" objectid="146" type="MONITOR" value="3.8.187.97$mysql$Connections/ max used"/>
<objectids-entry key="¤¤" objectid="147" type="MONITOR" value="3.8.187.97$mysql$Select Rates/ select full join"/>
<objectids-entry key="¤¤" objectid="148" type="THRESHOLD" value="3.8.187.97$mysql$e925188f-0d20-4f96-96fa-d69bf2576b80"/>
<objectids-entry key="¤¤" objectid="149" type="MONITOR" value="3.8.187.97$mysql$Select Rates/ select range check"/>
<objectids-entry key="¤¤" objectid="150" type="MONITOR" value="3.8.187.97$mysql$Read Rates/ handler read random"/>
<objectids-entry key="¤¤" objectid="151" type="MONITOR" value="3.8.187.97$mysql$Read Rates/ handler read random next"/>
<objectids-entry key="¤¤" objectid="152" type="MONITOR" value="3.8.187.97$mysql$Key Rates/ key reads (disk)"/>
<objectids-entry key="¤¤" objectid="153" type="MONITOR" value="3.8.187.97$mysql$Key Rates/ key writes (disk)"/>
<objectids-entry key="¤¤" objectid="154" type="MONITOR" value="3.8.187.97$mysql$Commands Rates/ handler rollback"/>
<objectids-entry key="¤¤" objectid="155" type="MONITOR" value="3.8.187.97$mysql$Commands Rates/ handler savepoint rollback"/>
<objectids-entry key="¤¤" objectid="156" type="MONITOR" value="3.8.187.97$mysql$Tables/ table locks waited"/>
<objectids-entry key="¤¤" objectid="157" type="THRESHOLD" value="3.8.187.97$mysql$e67c68a6-de3c-425f-83a6-e3971aceaaaf"/>
<objectids-entry key="¤¤" objectid="158" type="MONITOR" value="3.8.187.97$mysql$Memory/ % key buffer size"/>
<objectids-entry key="¤¤" objectid="159" type="THRESHOLD" value="3.8.187.97$mysql$292c0e07-6ed6-4e12-b023-49c1af0f45d3"/>
<objectids-entry key="¤¤" objectid="160" type="MONITOR" value="3.8.187.97$mysql$Misc./ slow queries"/>
<objectids-entry key="¤¤" objectid="161" type="THRESHOLD" value="3.8.187.97$mysql$538530e3-3e2f-4c65-8528-d17acf9eaafd"/>
<objectids-entry key="¤¤" objectid="162" type="MONITOR" value="3.8.187.97$mysql$Misc./ slow launch threads"/>
<objectids-entry key="¤¤" objectid="163" type="MONITOR" value="3.8.187.97$mysql$Misc./ sort merge passes"/>
<objectids-entry key="¤¤" objectid="164" type="THRESHOLD" value="3.8.187.97$mysql$65ec012d-1095-4dc6-aa4d-470c6fcf5275"/>
<objectids-entry key="¤¤" objectid="165" type="MONITOR" value="3.8.187.97$mysql$Misc./ not flushed delayed rows"/>
<objectids-entry key="¤¤" objectid="166" type="MONITOR" value="3.8.187.97$mysql$Description/ Database Version"/>
<objectids-entry key="¤¤" objectid="167" type="MONITORCONNECTION" value="3.8.187.97$http-apache"/>
<objectids-entry key="¤¤" objectid="168" type="MONITORCONNECTION" value="3.8.187.97$tomcat"/>
<objectids-entry key="¤¤" objectid="169" type="MONITOR" value="3.8.187.97$tomcat$Session/localhost//jpetstore/activeSessions"/>
<objectids-entry key="¤¤" objectid="170" type="MONITOR" value="3.8.187.97$tomcat$Session/localhost//jpetstore/rejectedSessions"/>
<objectids-entry key="¤¤" objectid="171" type="MONITOR" value="3.8.187.97$tomcat$Session/localhost//jpetstore/% rejectedSessions"/>
<objectids-entry key="¤¤" objectid="172" type="THRESHOLD" value="3.8.187.97$tomcat$85b0a6ef-1e99-4020-9e58-dfc9f70505b3"/>
<objectids-entry key="¤¤" objectid="173" type="MONITOR" value="3.8.187.97$tomcat$Session/localhost//jpetstore/expiredSessions"/>
<objectids-entry key="¤¤" objectid="174" type="MONITOR" value="3.8.187.97$tomcat$RequestProcessor/-ajp-bio-127.0.0.1-8009-/errorCount"/>
<objectids-entry key="¤¤" objectid="175" type="MONITOR" value="3.8.187.97$tomcat$RequestProcessor/-ajp-bio-127.0.0.1-8009-/% errorCount"/>
<objectids-entry key="¤¤" objectid="176" type="THRESHOLD" value="3.8.187.97$tomcat$0bcfebfc-e15f-4b76-96d2-5d6e802b41e8"/>
<objectids-entry key="¤¤" objectid="177" type="MONITOR" value="3.8.187.97$tomcat$RequestProcessor/-http-bio-8080-/errorCount"/>
<objectids-entry key="¤¤" objectid="178" type="MONITOR" value="3.8.187.97$tomcat$RequestProcessor/-http-bio-8080-/% errorCount"/>
<objectids-entry key="¤¤" objectid="179" type="THRESHOLD" value="3.8.187.97$tomcat$122eeea7-126d-49b1-8145-e6063140c50b"/>
<objectids-entry key="¤¤" objectid="180" type="MONITOR" value="3.8.187.97$tomcat$DataSource/localhost//jpetstore/javax.sql.DataSource/-jdbc/jpetstore1-/numActive"/>
<objectids-entry key="¤¤" objectid="181" type="MONITOR" value="3.8.187.97$tomcat$DataSource/localhost//jpetstore/javax.sql.DataSource/-jdbc/jpetstore1-/% numActive"/>
<objectids-entry key="¤¤" objectid="182" type="THRESHOLD" value="3.8.187.97$tomcat$eec62c96-cb1f-477a-82b0-ffa158032c9f"/>
<objectids-entry key="¤¤" objectid="183" type="MONITOR" value="3.8.187.97$tomcat$DataSource/localhost//jpetstore/javax.sql.DataSource/-jdbc/jpetstore1-/numIdle"/>
<objectids-entry key="¤¤" objectid="184" type="MONITOR" value="3.8.187.97$tomcat$DataSource/localhost//jpetstore/javax.sql.DataSource/-jdbc/jpetstore1-/poolConfiguration"/>
<objectids-entry key="¤¤" objectid="185" type="MONITOR" value="3.8.187.97$tomcat$ThreadPool/-ajp-bio-127.0.0.1-8009-/currentThreadsBusy"/>
<objectids-entry key="¤¤" objectid="186" type="MONITOR" value="3.8.187.97$tomcat$ThreadPool/-ajp-bio-127.0.0.1-8009-/% currentThreadsBusy"/>
<objectids-entry key="¤¤" objectid="187" type="THRESHOLD" value="3.8.187.97$tomcat$8b047a94-f772-43d7-aabb-b1991f052270"/>
<objectids-entry key="¤¤" objectid="188" type="MONITOR" value="3.8.187.97$tomcat$ThreadPool/-ajp-bio-127.0.0.1-8009-/threadsConfiguration"/>
<objectids-entry key="¤¤" objectid="189" type="MONITOR" value="3.8.187.97$tomcat$ThreadPool/-http-bio-8080-/currentThreadsBusy"/>
<objectids-entry key="¤¤" objectid="190" type="MONITOR" value="3.8.187.97$tomcat$ThreadPool/-http-bio-8080-/% currentThreadsBusy"/>
<objectids-entry key="¤¤" objectid="191" type="THRESHOLD" value="3.8.187.97$tomcat$1747df9b-1b82-4baa-9141-7c516ee32f78"/>
<objectids-entry key="¤¤" objectid="192" type="MONITOR" value="3.8.187.97$tomcat$ThreadPool/-http-bio-8080-/threadsConfiguration"/>
<objectids-entry key="¤¤" objectid="193" type="MONITOR" value="3.8.187.97$tomcat$VM/Memory/Used"/>
<objectids-entry key="¤¤" objectid="194" type="MONITOR" value="3.8.187.97$tomcat$VM/Memory/% Used"/>
<objectids-entry key="¤¤" objectid="195" type="THRESHOLD" value="3.8.187.97$tomcat$c891115f-6486-4fcf-ae6a-da95344d1118"/>
<objectids-entry key="¤¤" objectid="196" type="MONITOR" value="3.8.187.97$tomcat$VM/Memory/Max"/>
<objectids-entry key="¤¤" objectid="197" type="MONITOR" value="3.8.187.97$tomcat$VM/Garbage Collector/PS MarkSweep/CollectionTime"/>
<objectids-entry key="¤¤" objectid="198" type="MONITOR" value="3.8.187.97$tomcat$VM/Garbage Collector/PS Scavenge/CollectionTime"/>
<objectids-entry key="¤¤" objectid="199" type="MONITOR" value="3.8.187.97$tomcat$Description/JVM"/>
<objectids-entry key="¤¤" objectid="200" type="MONITOR" value="3.8.187.97$tomcat$Description/Specification/Host"/>
<objectids-entry key="¤¤" objectid="201" type="MONITORED_HOST" value="NeoLoad"/>
<objectids-entry key="¤¤" objectid="202" type="MONITORCONNECTION" value="NeoLoad$NeoLoad"/>
<objectids-entry key="¤¤" objectid="203" type="MONITOR" value="NeoLoad$NeoLoad$UserLoad"/>
<objectids-entry key="¤¤" objectid="204" type="MONITOR" value="NeoLoad$NeoLoad$throughput"/>
<objectids-entry key="¤¤" objectid="205" type="MONITOR" value="NeoLoad$NeoLoad$Alerts"/>
<objectids-entry key="¤¤" objectid="206" type="MONITOR" value="NeoLoad$NeoLoad$CriticalAlerts"/>
<objectids-entry key="¤¤" objectid="207" type="MONITOR" value="NeoLoad$NeoLoad$WarningAlerts"/>
<objectids-entry key="¤¤" objectid="208" type="MONITOR" value="NeoLoad$NeoLoad$cpu"/>
<objectids-entry key="¤¤" objectid="209" type="THRESHOLD" value="NeoLoad$NeoLoad$d254a524-4212-499d-8409-3be69ae2c254"/>
<objectids-entry key="¤¤" objectid="210" type="MONITOR" value="NeoLoad$NeoLoad$memory"/>
<objectids-entry key="¤¤" objectid="211" type="THRESHOLD" value="NeoLoad$NeoLoad$a10aa654-fc89-4c51-9f87-d537dfbd54d1"/>
<objectids-entry key="¤¤" objectid="212" type="MONITOR" value="NeoLoad$NeoLoad$threadcount"/>
<objectids-entry key="¤¤" objectid="213" type="MONITOR" value="NeoLoad$NeoLoad$connectedlg"/>
<objectids-entry key="¤¤" objectid="214" type="MONITOR" value="NeoLoad$NeoLoad$totallgdisconnections"/>
<objectids-entry key="¤¤" objectid="215" type="THRESHOLD" value="NeoLoad$NeoLoad$a0b4ed17-4185-4e82-b99c-81b76e5b352f"/>
<objectids-entry key="¤¤" objectid="216" type="MONITOR" value="NeoLoad$NeoLoad$totallgreconnections"/>
<objectids-entry key="¤¤" objectid="217" type="MONITOR" value="NeoLoad$NeoLoad$otcp.NeoLoad"/>
<objectids-entry key="¤¤" objectid="218" type="MONITOR" value="NeoLoad$NeoLoad$tcp.NeoLoad"/>
<objectids-entry key="¤¤" objectid="219" type="MONITOR" value="NeoLoad$NeoLoad$ibytesperinterface~NeoLoad~wlan1"/>
<objectids-entry key="¤¤" objectid="220" type="MONITOR" value="NeoLoad$NeoLoad$obytesperinterface~NeoLoad~wlan1"/>
<objectids-entry key="¤¤" objectid="221" type="MONITOR" value="NeoLoad$NeoLoad$ibytesperinterface~NeoLoad~wlan0"/>
<objectids-entry key="¤¤" objectid="222" type="MONITOR" value="NeoLoad$NeoLoad$obytesperinterface~NeoLoad~wlan0"/>
<objectids-entry key="¤¤" objectid="223" type="MONITOR" value="NeoLoad$NeoLoad$ibytesperinterface~NeoLoad~eth6"/>
<objectids-entry key="¤¤" objectid="224" type="MONITOR" value="NeoLoad$NeoLoad$obytesperinterface~NeoLoad~eth6"/>
<objectids-entry key="¤¤" objectid="225" type="MONITOR" value="NeoLoad$NeoLoad$ibytesperinterface~NeoLoad~eth3"/>
<objectids-entry key="¤¤" objectid="226" type="MONITOR" value="NeoLoad$NeoLoad$obytesperinterface~NeoLoad~eth3"/>
<objectids-entry key="¤¤" objectid="227" type="MONITOR" value="NeoLoad$NeoLoad$nlwebdownload"/>
<objectids-entry key="¤¤" objectid="228" type="MONITOR" value="NeoLoad$NeoLoad$nlwebupload"/>
<objectids-entry key="¤¤" objectid="229" type="MONITOR" value="NeoLoad$NeoLoad$SapUserLoad"/>
<objectids-entry key="¤¤" objectid="230" type="MONITOR" value="NeoLoad$NeoLoad$CitrixUserLoad"/>
<objectids-entry key="¤¤" objectid="231" type="MONITOR" value="NeoLoad$NeoLoad$zoneuserload~Zone par défaut"/>
<objectids-entry key="¤¤" objectid="232" type="MONITOR" value="NeoLoad$NeoLoad$zoneuserloadperpopulation~Zone par défaut~Petstore"/>
<objectids-entry key="¤¤" objectid="233" type="MONITOR" value="NeoLoad$NeoLoad$zoneuserloadperpopulation~Zone par défaut~Petstore~6_Buyer_authentification"/>
<objectids-entry key="¤¤" objectid="234" type="MONITOR" value="NeoLoad$NeoLoad$zoneuserloadperpopulation~Zone par défaut~Petstore~2_Searcher_TryCatch"/>
<objectids-entry key="¤¤" objectid="235" type="MONITORED_HOST" value="Injecteur localhost:7100"/>
<objectids-entry key="¤¤" objectid="236" type="MONITORCONNECTION" value="Injecteur localhost:7100$NeoLoad"/>
<objectids-entry key="¤¤" objectid="237" type="MONITOR" value="Injecteur localhost:7100$NeoLoad$lgcpu.localhost:7100"/>
<objectids-entry key="¤¤" objectid="238" type="THRESHOLD" value="Injecteur localhost:7100$NeoLoad$c15a1254-a869-48cf-a33d-4fab8bf7e72c"/>
<objectids-entry key="¤¤" objectid="239" type="MONITOR" value="Injecteur localhost:7100$NeoLoad$lgmemory.localhost:7100"/>
<objectids-entry key="¤¤" objectid="240" type="THRESHOLD" value="Injecteur localhost:7100$NeoLoad$6cb81c07-d81f-4032-972e-a1d082905b63"/>
<objectids-entry key="¤¤" objectid="241" type="MONITOR" value="Injecteur localhost:7100$NeoLoad$lgthroughput.localhost:7100"/>
<objectids-entry key="¤¤" objectid="242" type="MONITOR" value="Injecteur localhost:7100$NeoLoad$lguserloadperpopulation~localhost:7100"/>
<objectids-entry key="¤¤" objectid="243" type="MONITOR" value="Injecteur localhost:7100$NeoLoad$lgthreadcount.localhost:7100"/>
<objectids-entry key="¤¤" objectid="244" type="MONITOR" value="Injecteur localhost:7100$NeoLoad$lg.jetty.httpclient.threadpool.used.localhost:7100"/>
<objectids-entry key="¤¤" objectid="245" type="MONITOR" value="Injecteur localhost:7100$NeoLoad$lg.jetty.httpclient.taskpool.used.localhost:7100"/>
<objectids-entry key="¤¤" objectid="246" type="THRESHOLD" value="Injecteur localhost:7100$NeoLoad$be7dc1bd-5f24-4bd8-b003-c99a05f52e99"/>
<objectids-entry key="¤¤" objectid="247" type="MONITOR" value="Injecteur localhost:7100$NeoLoad$lgdisconnections.localhost:7100"/>
<objectids-entry key="¤¤" objectid="248" type="MONITOR" value="Injecteur localhost:7100$NeoLoad$lgreconnections.localhost:7100"/>
<objectids-entry key="¤¤" objectid="249" type="MONITOR" value="Injecteur localhost:7100$NeoLoad$lgping.localhost:7100"/>
<objectids-entry key="¤¤" objectid="250" type="MONITOR" value="Injecteur localhost:7100$NeoLoad$lgotcp.localhost:7100"/>
<objectids-entry key="¤¤" objectid="251" type="MONITOR" value="Injecteur localhost:7100$NeoLoad$lgtcp.localhost:7100"/>
<objectids-entry key="¤¤" objectid="252" type="MONITOR" value="Injecteur localhost:7100$NeoLoad$lgibytesperinterface~localhost:7100~wlan1"/>
<objectids-entry key="¤¤" objectid="253" type="MONITOR" value="Injecteur localhost:7100$NeoLoad$lgobytesperinterface~localhost:7100~wlan1"/>
<objectids-entry key="¤¤" objectid="254" type="MONITOR" value="Injecteur localhost:7100$NeoLoad$lgibytesperinterface~localhost:7100~wlan0"/>
<objectids-entry key="¤¤" objectid="255" type="MONITOR" value="Injecteur localhost:7100$NeoLoad$lgobytesperinterface~localhost:7100~wlan0"/>
<objectids-entry key="¤¤" objectid="256" type="MONITOR" value="Injecteur localhost:7100$NeoLoad$lgibytesperinterface~localhost:7100~eth6"/>
<objectids-entry key="¤¤" objectid="257" type="MONITOR" value="Injecteur localhost:7100$NeoLoad$lgobytesperinterface~localhost:7100~eth6"/>
<objectids-entry key="¤¤" objectid="258" type="MONITOR" value="Injecteur localhost:7100$NeoLoad$lgibytesperinterface~localhost:7100~eth3"/>
<objectids-entry key="¤¤" objectid="259" type="MONITOR" value="Injecteur localhost:7100$NeoLoad$lgobytesperinterface~localhost:7100~eth3"/>
</objectids-table>
<!--****** DURATION ******-->
<duration value="600160"/>
<!--****** AGGREGATION PERIOD ******-->
<aggregation-period value="1000"/>
<!--****** EXTENDED STATISTICS ******-->
<truncated-mean centered-interval="true" percentage="90"/>
<percentile percentage="50"/>
</project>
